--
-- PostgreSQL database dump
--

-- Dumped from database version 15.1
-- Dumped by pg_dump version 15.1

SET statement_timeout = 0;
SET lock_timeout = 0;
SET idle_in_transaction_session_timeout = 0;
SET client_encoding = 'UTF8';
SET standard_conforming_strings = on;
SELECT pg_catalog.set_config('search_path', '', false);
SET check_function_bodies = false;
SET xmloption = content;
SET client_min_messages = warning;
SET row_security = off;

SET default_tablespace = '';

SET default_table_access_method = heap;

--
-- Name: auth_group; Type: TABLE; Schema: public; Owner: postgres
--

CREATE TABLE public.auth_group (
    id integer NOT NULL,
    name character varying(150) NOT NULL
);


ALTER TABLE public.auth_group OWNER TO postgres;

--
-- Name: auth_group_id_seq; Type: SEQUENCE; Schema: public; Owner: postgres
--

ALTER TABLE public.auth_group ALTER COLUMN id ADD GENERATED BY DEFAULT AS IDENTITY (
    SEQUENCE NAME public.auth_group_id_seq
    START WITH 1
    INCREMENT BY 1
    NO MINVALUE
    NO MAXVALUE
    CACHE 1
);


--
-- Name: auth_group_permissions; Type: TABLE; Schema: public; Owner: postgres
--

CREATE TABLE public.auth_group_permissions (
    id bigint NOT NULL,
    group_id integer NOT NULL,
    permission_id integer NOT NULL
);


ALTER TABLE public.auth_group_permissions OWNER TO postgres;

--
-- Name: auth_group_permissions_id_seq; Type: SEQUENCE; Schema: public; Owner: postgres
--

ALTER TABLE public.auth_group_permissions ALTER COLUMN id ADD GENERATED BY DEFAULT AS IDENTITY (
    SEQUENCE NAME public.auth_group_permissions_id_seq
    START WITH 1
    INCREMENT BY 1
    NO MINVALUE
    NO MAXVALUE
    CACHE 1
);


--
-- Name: auth_permission; Type: TABLE; Schema: public; Owner: postgres
--

CREATE TABLE public.auth_permission (
    id integer NOT NULL,
    name character varying(255) NOT NULL,
    content_type_id integer NOT NULL,
    codename character varying(100) NOT NULL
);


ALTER TABLE public.auth_permission OWNER TO postgres;

--
-- Name: auth_permission_id_seq; Type: SEQUENCE; Schema: public; Owner: postgres
--

ALTER TABLE public.auth_permission ALTER COLUMN id ADD GENERATED BY DEFAULT AS IDENTITY (
    SEQUENCE NAME public.auth_permission_id_seq
    START WITH 1
    INCREMENT BY 1
    NO MINVALUE
    NO MAXVALUE
    CACHE 1
);


--
-- Name: auth_user; Type: TABLE; Schema: public; Owner: postgres
--

CREATE TABLE public.auth_user (
    id integer NOT NULL,
    password character varying(128) NOT NULL,
    last_login timestamp with time zone,
    is_superuser boolean NOT NULL,
    username character varying(150) NOT NULL,
    first_name character varying(150) NOT NULL,
    last_name character varying(150) NOT NULL,
    email character varying(254) NOT NULL,
    is_staff boolean NOT NULL,
    is_active boolean NOT NULL,
    date_joined timestamp with time zone NOT NULL
);


ALTER TABLE public.auth_user OWNER TO postgres;

--
-- Name: auth_user_groups; Type: TABLE; Schema: public; Owner: postgres
--

CREATE TABLE public.auth_user_groups (
    id bigint NOT NULL,
    user_id integer NOT NULL,
    group_id integer NOT NULL
);


ALTER TABLE public.auth_user_groups OWNER TO postgres;

--
-- Name: auth_user_groups_id_seq; Type: SEQUENCE; Schema: public; Owner: postgres
--

ALTER TABLE public.auth_user_groups ALTER COLUMN id ADD GENERATED BY DEFAULT AS IDENTITY (
    SEQUENCE NAME public.auth_user_groups_id_seq
    START WITH 1
    INCREMENT BY 1
    NO MINVALUE
    NO MAXVALUE
    CACHE 1
);


--
-- Name: auth_user_id_seq; Type: SEQUENCE; Schema: public; Owner: postgres
--

ALTER TABLE public.auth_user ALTER COLUMN id ADD GENERATED BY DEFAULT AS IDENTITY (
    SEQUENCE NAME public.auth_user_id_seq
    START WITH 1
    INCREMENT BY 1
    NO MINVALUE
    NO MAXVALUE
    CACHE 1
);


--
-- Name: auth_user_user_permissions; Type: TABLE; Schema: public; Owner: postgres
--

CREATE TABLE public.auth_user_user_permissions (
    id bigint NOT NULL,
    user_id integer NOT NULL,
    permission_id integer NOT NULL
);


ALTER TABLE public.auth_user_user_permissions OWNER TO postgres;

--
-- Name: auth_user_user_permissions_id_seq; Type: SEQUENCE; Schema: public; Owner: postgres
--

ALTER TABLE public.auth_user_user_permissions ALTER COLUMN id ADD GENERATED BY DEFAULT AS IDENTITY (
    SEQUENCE NAME public.auth_user_user_permissions_id_seq
    START WITH 1
    INCREMENT BY 1
    NO MINVALUE
    NO MAXVALUE
    CACHE 1
);


--
-- Name: brand; Type: TABLE; Schema: public; Owner: postgres
--

CREATE TABLE public.brand (
    id bigint NOT NULL,
    name character varying(30) NOT NULL,
    issue_date date NOT NULL,
    country_id bigint
);


ALTER TABLE public.brand OWNER TO postgres;

--
-- Name: brand_id_seq; Type: SEQUENCE; Schema: public; Owner: postgres
--

ALTER TABLE public.brand ALTER COLUMN id ADD GENERATED BY DEFAULT AS IDENTITY (
    SEQUENCE NAME public.brand_id_seq
    START WITH 1
    INCREMENT BY 1
    NO MINVALUE
    NO MAXVALUE
    CACHE 1
);


--
-- Name: car; Type: TABLE; Schema: public; Owner: postgres
--

CREATE TABLE public.car (
    id bigint NOT NULL,
    model character varying(30) NOT NULL,
    brand_id bigint,
    color_id bigint,
    image character varying(100)
);


ALTER TABLE public.car OWNER TO postgres;

--
-- Name: car_id_seq; Type: SEQUENCE; Schema: public; Owner: postgres
--

ALTER TABLE public.car ALTER COLUMN id ADD GENERATED BY DEFAULT AS IDENTITY (
    SEQUENCE NAME public.car_id_seq
    START WITH 1
    INCREMENT BY 1
    NO MINVALUE
    NO MAXVALUE
    CACHE 1
);


--
-- Name: color; Type: TABLE; Schema: public; Owner: postgres
--

CREATE TABLE public.color (
    id bigint NOT NULL,
    color_name character varying(6) NOT NULL
);


ALTER TABLE public.color OWNER TO postgres;

--
-- Name: color_id_seq; Type: SEQUENCE; Schema: public; Owner: postgres
--

ALTER TABLE public.color ALTER COLUMN id ADD GENERATED BY DEFAULT AS IDENTITY (
    SEQUENCE NAME public.color_id_seq
    START WITH 1
    INCREMENT BY 1
    NO MINVALUE
    NO MAXVALUE
    CACHE 1
);


--
-- Name: country; Type: TABLE; Schema: public; Owner: postgres
--

CREATE TABLE public.country (
    id bigint NOT NULL,
    name character varying(50) NOT NULL,
    locale character varying(6)
);


ALTER TABLE public.country OWNER TO postgres;

--
-- Name: country_id_seq; Type: SEQUENCE; Schema: public; Owner: postgres
--

ALTER TABLE public.country ALTER COLUMN id ADD GENERATED BY DEFAULT AS IDENTITY (
    SEQUENCE NAME public.country_id_seq
    START WITH 1
    INCREMENT BY 1
    NO MINVALUE
    NO MAXVALUE
    CACHE 1
);


--
-- Name: django_admin_log; Type: TABLE; Schema: public; Owner: postgres
--

CREATE TABLE public.django_admin_log (
    id integer NOT NULL,
    action_time timestamp with time zone NOT NULL,
    object_id text,
    object_repr character varying(200) NOT NULL,
    action_flag smallint NOT NULL,
    change_message text NOT NULL,
    content_type_id integer,
    user_id integer NOT NULL,
    CONSTRAINT django_admin_log_action_flag_check CHECK ((action_flag >= 0))
);


ALTER TABLE public.django_admin_log OWNER TO postgres;

--
-- Name: django_admin_log_id_seq; Type: SEQUENCE; Schema: public; Owner: postgres
--

ALTER TABLE public.django_admin_log ALTER COLUMN id ADD GENERATED BY DEFAULT AS IDENTITY (
    SEQUENCE NAME public.django_admin_log_id_seq
    START WITH 1
    INCREMENT BY 1
    NO MINVALUE
    NO MAXVALUE
    CACHE 1
);


--
-- Name: django_content_type; Type: TABLE; Schema: public; Owner: postgres
--

CREATE TABLE public.django_content_type (
    id integer NOT NULL,
    app_label character varying(100) NOT NULL,
    model character varying(100) NOT NULL
);


ALTER TABLE public.django_content_type OWNER TO postgres;

--
-- Name: django_content_type_id_seq; Type: SEQUENCE; Schema: public; Owner: postgres
--

ALTER TABLE public.django_content_type ALTER COLUMN id ADD GENERATED BY DEFAULT AS IDENTITY (
    SEQUENCE NAME public.django_content_type_id_seq
    START WITH 1
    INCREMENT BY 1
    NO MINVALUE
    NO MAXVALUE
    CACHE 1
);


--
-- Name: django_migrations; Type: TABLE; Schema: public; Owner: postgres
--

CREATE TABLE public.django_migrations (
    id bigint NOT NULL,
    app character varying(255) NOT NULL,
    name character varying(255) NOT NULL,
    applied timestamp with time zone NOT NULL
);


ALTER TABLE public.django_migrations OWNER TO postgres;

--
-- Name: django_migrations_id_seq; Type: SEQUENCE; Schema: public; Owner: postgres
--

ALTER TABLE public.django_migrations ALTER COLUMN id ADD GENERATED BY DEFAULT AS IDENTITY (
    SEQUENCE NAME public.django_migrations_id_seq
    START WITH 1
    INCREMENT BY 1
    NO MINVALUE
    NO MAXVALUE
    CACHE 1
);


--
-- Name: django_session; Type: TABLE; Schema: public; Owner: postgres
--

CREATE TABLE public.django_session (
    session_key character varying(40) NOT NULL,
    session_data text NOT NULL,
    expire_date timestamp with time zone NOT NULL
);


ALTER TABLE public.django_session OWNER TO postgres;

--
-- Name: favourite; Type: TABLE; Schema: public; Owner: postgres
--

CREATE TABLE public.favourite (
    id bigint NOT NULL,
    date bigint NOT NULL,
    car_id bigint,
    user_id bigint
);


ALTER TABLE public.favourite OWNER TO postgres;

--
-- Name: favourite_id_seq; Type: SEQUENCE; Schema: public; Owner: postgres
--

ALTER TABLE public.favourite ALTER COLUMN id ADD GENERATED BY DEFAULT AS IDENTITY (
    SEQUENCE NAME public.favourite_id_seq
    START WITH 1
    INCREMENT BY 1
    NO MINVALUE
    NO MAXVALUE
    CACHE 1
);


--
-- Name: session; Type: TABLE; Schema: public; Owner: postgres
--

CREATE TABLE public.session (
    id bigint NOT NULL,
    key character varying(64) NOT NULL,
    date bigint NOT NULL,
    user_id bigint
);


ALTER TABLE public.session OWNER TO postgres;

--
-- Name: session_id_seq; Type: SEQUENCE; Schema: public; Owner: postgres
--

ALTER TABLE public.session ALTER COLUMN id ADD GENERATED BY DEFAULT AS IDENTITY (
    SEQUENCE NAME public.session_id_seq
    START WITH 1
    INCREMENT BY 1
    NO MINVALUE
    NO MAXVALUE
    CACHE 1
);


--
-- Name: user; Type: TABLE; Schema: public; Owner: postgres
--

CREATE TABLE public."user" (
    id bigint NOT NULL,
    login character varying(20) NOT NULL,
    password character varying(64) NOT NULL,
    name character varying(64) NOT NULL,
    email character varying(64) NOT NULL,
    registration_date bigint NOT NULL,
    last_signin_date bigint
);


ALTER TABLE public."user" OWNER TO postgres;

--
-- Name: user_id_seq; Type: SEQUENCE; Schema: public; Owner: postgres
--

ALTER TABLE public."user" ALTER COLUMN id ADD GENERATED BY DEFAULT AS IDENTITY (
    SEQUENCE NAME public.user_id_seq
    START WITH 1
    INCREMENT BY 1
    NO MINVALUE
    NO MAXVALUE
    CACHE 1
);


--
-- Data for Name: auth_group; Type: TABLE DATA; Schema: public; Owner: postgres
--

COPY public.auth_group (id, name) FROM stdin;
\.


--
-- Data for Name: auth_group_permissions; Type: TABLE DATA; Schema: public; Owner: postgres
--

COPY public.auth_group_permissions (id, group_id, permission_id) FROM stdin;
\.


--
-- Data for Name: auth_permission; Type: TABLE DATA; Schema: public; Owner: postgres
--

COPY public.auth_permission (id, name, content_type_id, codename) FROM stdin;
1	Can add log entry	1	add_logentry
2	Can change log entry	1	change_logentry
3	Can delete log entry	1	delete_logentry
4	Can view log entry	1	view_logentry
5	Can add permission	2	add_permission
6	Can change permission	2	change_permission
7	Can delete permission	2	delete_permission
8	Can view permission	2	view_permission
9	Can add group	3	add_group
10	Can change group	3	change_group
11	Can delete group	3	delete_group
12	Can view group	3	view_group
13	Can add user	4	add_user
14	Can change user	4	change_user
15	Can delete user	4	delete_user
16	Can view user	4	view_user
17	Can add content type	5	add_contenttype
18	Can change content type	5	change_contenttype
19	Can delete content type	5	delete_contenttype
20	Can view content type	5	view_contenttype
21	Can add session	6	add_session
22	Can change session	6	change_session
23	Can delete session	6	delete_session
24	Can view session	6	view_session
25	Can add brand	7	add_brand
26	Can change brand	7	change_brand
27	Can delete brand	7	delete_brand
28	Can view brand	7	view_brand
29	Can add car	8	add_car
30	Can change car	8	change_car
31	Can delete car	8	delete_car
32	Can view car	8	view_car
33	Can add color	9	add_color
34	Can change color	9	change_color
35	Can delete color	9	delete_color
36	Can view color	9	view_color
37	Can add country	10	add_country
38	Can change country	10	change_country
39	Can delete country	10	delete_country
40	Can view country	10	view_country
41	Can add user	11	add_user
42	Can change user	11	change_user
43	Can delete user	11	delete_user
44	Can view user	11	view_user
45	Can add session	12	add_session
46	Can change session	12	change_session
47	Can delete session	12	delete_session
48	Can view session	12	view_session
49	Can add favourite	13	add_favourite
50	Can change favourite	13	change_favourite
51	Can delete favourite	13	delete_favourite
52	Can view favourite	13	view_favourite
\.


--
-- Data for Name: auth_user; Type: TABLE DATA; Schema: public; Owner: postgres
--

COPY public.auth_user (id, password, last_login, is_superuser, username, first_name, last_name, email, is_staff, is_active, date_joined) FROM stdin;
1	pbkdf2_sha256$390000$S74q86CifhBDPpiFiNw4HZ$s4W+Z8SrM+nUGi1u35f+igFGgJEGFabrFGh/bRkNy4g=	\N	t	root			aleksey6722@mail.ru	t	t	2023-03-30 14:13:26.418966+06
\.


--
-- Data for Name: auth_user_groups; Type: TABLE DATA; Schema: public; Owner: postgres
--

COPY public.auth_user_groups (id, user_id, group_id) FROM stdin;
\.


--
-- Data for Name: auth_user_user_permissions; Type: TABLE DATA; Schema: public; Owner: postgres
--

COPY public.auth_user_user_permissions (id, user_id, permission_id) FROM stdin;
\.


--
-- Data for Name: brand; Type: TABLE DATA; Schema: public; Owner: postgres
--

COPY public.brand (id, name, issue_date, country_id) FROM stdin;
1	BMW	1916-03-07	1
2	Toyota	1937-09-28	2
3	Wolksvagen	1937-05-28	1
4	Nissan	1933-12-26	2
5	Vaz	1966-07-20	3
6	Kia	1944-05-15	4
7	Reno	1898-10-01	5
8	Honda	1948-09-24	2
10	Chevrolet	1911-03-11	6
11	Ford	1903-06-16	6
12	Volvo	1927-04-14	7
13	JaC	1964-01-01	8
14	Hyndai	1967-12-29	4
15	Mazda	1920-01-30	2
16	Lexus	1983-08-01	2
17	Infinity	1989-11-08	2
18	Gaz	1932-01-01	3
19	Subaru	1953-07-07	2
20	Jaguar	1922-01-01	9
21	Ferrari	1947-01-01	10
22	Audi	1909-07-16	1
23	Peugeot	1810-09-26	5
24	Lamborgini	1963-10-30	10
25	Mitsubishi	1970-04-22	2
9	Mercedes-Benz	1926-01-01	1
26	Dodge	1900-12-01	6
27	Jeep	1941-07-23	6
28	Fiat	1899-11-07	10
30	Moskvich	1930-11-06	3
31	Daewoo	1967-03-22	4
\.


--
-- Data for Name: car; Type: TABLE DATA; Schema: public; Owner: postgres
--

COPY public.car (id, model, brand_id, color_id, image) FROM stdin;
1	X5	1	1	cars/bmw-X5-d9010c
2	Corolla	2	2	cars/toyota-corolla-fcde00
3	Passat	3	3	cars/volkswagen-passat-0d6721
4	Primera	4	4	cars/nissan-primera-98959c
5	2106	5	5	cars/vaz-2106-38789c
6	Rio	6	6	cars/kia-Rio-d88752
7	logan	7	7	cars/renault-logan-3b475d
8	Civic	8	8	cars/honda-civic-8ad800
9	S-500	9	9	cars/mersedes-benz-s500-814756
10	Cruze	10	10	cars/chevrolet-cruze-1
11	Mustang	11	11	cars/ford-mustang-8f3e9d
12	S60 Cross country	12	12	cars/volvo-s60-cross-country-5b6376
13	J7	13	13	cars/jac-j7-ddeff1
14	Santa Fe	14	14	cars/hyundai-santa-fe-7ab9d8
15	RX7	15	15	cars/mazda-rx7-fe64a2
16	RX350	16	16	cars/lexus-rx350-62644e
17	QX70	17	17	cars/infiniti-qx70-383457
18	31105	18	18	cars/gaz-31105-3c6d7a
19	Forester	19	19	cars/subaru-forester-28649a
20	XF	20	20	cars/jaguar-xf-b7b8bc
21	812	21	21	cars/ferrari-812-eec72c
22	q8	22	22	cars/audi-q8-906d59
23	RCZ	23	23	cars/peugeot-rcz-34393d
24	Aventador	24	24	cars/lamborgini-aventador-b1317c
25	Pajero	25	25	cars/mitsubishi-pajero-384395
26	r8	22	26	cars/audi-r8-125879
27	Rs6	22	27	cars/audi-rs6-329136
28	M3	1	28	cars/bmw-m3-007970
29	M5	1	29	cars/bmw-m5-678ec7
30	Impala	10	30	cars/chevrolet_impala-9482a0
31	Camaro	10	31	cars/chevrolet-camaro-f8dc3a
32	Challenger	26	32	cars/dodge-challenger-626970
33	Charger	26	33	cars/dodge-charger-50bde6
34	Viper	26	34	cars/dodge-viper-038cec
35	Tipo	28	35	cars/fiat_tipo-ff001d
36	Focus	11	36	cars/ford-focus-fdc204
37	Kuga	11	37	cars/ford-kuga-aa985e
38	Raptor	11	38	cars/ford-raptor-ca4631
39	Accord	8	39	cars/honda-accord-8c5e6b
40	CR-V	8	40	cars/honda-cr-v-9bb5d6
41	Sonata	14	41	cars/hyndai-sonata-c8b05e
42	Tukson	14	42	cars/hyndai-tukson-1f52eb
43	Js6	13	43	cars/jac-js6-7c8596
44	XF	20	44	cars/jaguar-xf-565a7d
45	Grand-Cherokee	27	45	cars/jeep-grand-cherokee-e0e7f2
46	Wrangler	27	46	cars/jeep-wrangler-01969c
47	Cerato	6	47	cars/kia-cerato-e9e7e8
48	Sorento	6	48	cars/kia-sorento-513132
49	6	15	49	cars/mazda-6-d92957
50	Axela	15	50	cars/mazda-axela-78828c
51	Asx	25	51	cars/mitsubishi-asx-6da1b9
52	Lancer	25	52	cars/mitsubishi-lancer-2a8236
53	Outlander	25	53	cars/mitsubishi-outlander-aa604c
54	Almera	4	54	cars/nissan-almera-753937
55	Patrol	4	55	cars/nissan-patrol-6d6455
56	Camry	2	56	cars/toyota-camry-d18e19
57	Rav4	2	57	cars/toyota-rav4-7378a0
58	Tiguan	3	58	cars/volkswagen-tiguan-3ca9a3
59	Touareg	3	59	cars/volkswagen-touareg-5c483d
60	V60	12	60	cars/volvo-v60-96aeba
76	Nexia	31	77	cars/daewoo-nexia-b6b4b5
77	Tahoe	10	78	cars/chevrolet-tahoe-695b6a
78	412	30	79	cars/moskvish-412-d8d0b7
79	Avenger	27	80	cars/jeep-avenger-ccc6ba
80	XC90	12	81	cars/volvo-xc90-939fb5
81	Eclipse	25	82	cars/mitsubishi-eclipse-39d10d
\.


--
-- Data for Name: color; Type: TABLE DATA; Schema: public; Owner: postgres
--

COPY public.color (id, color_name) FROM stdin;
1	D9010C
2	FCDE00
3	0D6721
4	98959C
5	38789C
6	D88752
7	3B475D
8	8AD800
9	814756
10	7A1213
11	8F3E9D
25	384395
12	5B6376
13	DDEFF1
14	7AB9D8
15	FE64A2
16	62644E
17	383457
18	3C6D7A
19	28649A
20	B7B8BC
21	EEC72C
22	906D59
24	B1317C
23	34393C
26	125879
27	329136
28	007970
29	678EC7
30	9482A0
31	F8DC3A
32	626970
33	50BDE6
34	038CEC
35	FF001D
36	FDC204
37	AA985E
38	CA4631
39	8C5E6B
40	9BB5D6
41	C8B05E
42	1F52EB
43	7C8596
44	565A7D
45	E0E7F2
46	01969C
47	E9E7E8
48	513132
49	D92957
50	78828C
51	6DA1B9
52	2A8236
53	AA604C
54	753937
55	6D6455
56	D18E19
57	7378A0
58	3CA9A3
59	5C483D
60	96AEBA
77	B6B4B5
78	695B6A
80	CCC6BA
81	939FB5
82	39D10D
79	D8D0B7
\.


--
-- Data for Name: country; Type: TABLE DATA; Schema: public; Owner: postgres
--

COPY public.country (id, name, locale) FROM stdin;
1	Germany	de_DE
2	Japan	ja_JP
3	Russia	ru_RU
4	Southern Korea	ko_KR
5	France	fr_FR
6	USA	en_US
7	Sweden	sv_SE
8	China	zh_CN
9	UK	en_UK
10	Italy	it_IT
\.


--
-- Data for Name: django_admin_log; Type: TABLE DATA; Schema: public; Owner: postgres
--

COPY public.django_admin_log (id, action_time, object_id, object_repr, action_flag, change_message, content_type_id, user_id) FROM stdin;
\.


--
-- Data for Name: django_content_type; Type: TABLE DATA; Schema: public; Owner: postgres
--

COPY public.django_content_type (id, app_label, model) FROM stdin;
1	admin	logentry
2	auth	permission
3	auth	group
4	auth	user
5	contenttypes	contenttype
6	sessions	session
7	core	brand
8	core	car
9	core	color
10	core	country
11	core	user
12	core	session
13	core	favourite
\.


--
-- Data for Name: django_migrations; Type: TABLE DATA; Schema: public; Owner: postgres
--

COPY public.django_migrations (id, app, name, applied) FROM stdin;
1	contenttypes	0001_initial	2023-03-24 10:24:20.607605+06
2	auth	0001_initial	2023-03-24 10:24:20.686916+06
3	admin	0001_initial	2023-03-24 10:24:20.708721+06
4	admin	0002_logentry_remove_auto_add	2023-03-24 10:24:20.7157+06
5	admin	0003_logentry_add_action_flag_choices	2023-03-24 10:24:20.724677+06
6	contenttypes	0002_remove_content_type_name	2023-03-24 10:24:20.740921+06
7	auth	0002_alter_permission_name_max_length	2023-03-24 10:24:20.747934+06
8	auth	0003_alter_user_email_max_length	2023-03-24 10:24:20.75596+06
9	auth	0004_alter_user_username_opts	2023-03-24 10:24:20.76196+06
10	auth	0005_alter_user_last_login_null	2023-03-24 10:24:20.770905+06
11	auth	0006_require_contenttypes_0002	2023-03-24 10:24:20.7729+06
12	auth	0007_alter_validators_add_error_messages	2023-03-24 10:24:20.781844+06
13	auth	0008_alter_user_username_max_length	2023-03-24 10:24:20.802396+06
14	auth	0009_alter_user_last_name_max_length	2023-03-24 10:24:20.810375+06
15	auth	0010_alter_group_name_max_length	2023-03-24 10:24:20.82035+06
16	auth	0011_update_proxy_permissions	2023-03-24 10:24:20.827328+06
17	auth	0012_alter_user_first_name_max_length	2023-03-24 10:24:20.837071+06
18	core	0001_initial	2023-03-24 10:24:20.916405+06
19	sessions	0001_initial	2023-03-24 10:24:20.928373+06
20	core	0002_alter_favourite_date_alter_session_date_and_more	2023-03-31 18:27:36.241418+06
21	core	0003_car_image_alter_favourite_date_alter_session_date_and_more	2023-04-05 21:34:56.418959+06
\.


--
-- Data for Name: django_session; Type: TABLE DATA; Schema: public; Owner: postgres
--

COPY public.django_session (session_key, session_data, expire_date) FROM stdin;
y5y0s2qbljx1zy60gbj2ycii82jjr5zg	eyJBdXRob3JpemF0aW9uIjoiOWFkZmE2MDc4YzJiZDg3ZTg5NTE0NzczYjgxNGJmYWJjODY0M2Q3MjljNjA5NDBlNWU1YjAxMDk4YjRmYzc3ZSJ9:1plRwV:oNX7P8sjHxluEY9BMTvJHNT387iX36ZXwhVl5_JPhgs	2023-04-23 16:06:39.463588+06
e525uyhzdlrmejdfxptae8f0326nqj0g	.eJwNzDEOwyAMAMC_MFcVxoCdbH0JshFWGZJUhS6p-vdGt9_XPT7zebz7KbMfu1udgmdLS0WflKpJNSLSBZSYAnvipEGytWyoVejSEFAAAQxDY3dzZbQxrq30vc8y-9bGlO1V3AqZwWNcYrgjR8gef39FtCcu:1plS80:flnqFPCQX99j5reZLQfyvLYwSPHpsn0n3kyNFaFU2oY	2023-04-23 16:18:32.210397+06
zpadhzqwsg02z1gi6ou3d9b5wqfogdcf	.eJwNzEsOAiEMANC7sDaGUijt7DwJ4dfIYmaM4Ebj3fUd4H3M7bXu53O88xrnYTaDLXYbSyWpNQRQqhlzI-4a1KJXkJKdZxaJqh0xOGDXpEQfa2jUzMWk2ef8b2kcY6U19j5X3h_JbEAMgAFRrmxtFKTvD1euJ1k:1pls6A:eoqmLO73HcQiwHuzWNeqvk-5FcXagQyS4t30ON9wk7Q	2023-04-24 20:02:22.621257+06
5xwsan9uofa9oqc98q86f5yxsseapzr9	.eJwNzEEOAiEMQNG7dG0MpVDK7DwJQaYTWcyMkbrReHfZ_rz8L9ze9jhf_VOtnwcsgOpoley2e2QR8YQ-YaxNlDUQullzi6xJMaRp8lpZmtYtqYTkGlygDB1j3ko_uhXruw6r-7PAgiyIgbznK_qQiX9_yecmKg:1plu9K:VTGLD0jWdGU_0RCA4lD2Wr9vBhh7rG5ewjfKYjTLoPk	2023-04-24 22:13:46.170505+06
aa4tppzomznmd1astiest8afafyvs6q2	.eJwNzD0OwyAMQOG7eK4qfmxDsvUkyAGjMiSpCl1a9e5hedv3fvD4jOf5bl8Z7TxgBSGpqrMmcnC1Fik2-koZGaksG6NwtM54dVxDwZylqEbDQtZFH-AGqWvv85ba0UYabdc-ZH8lWO2kFtGQuS_eEf4vKC0nJg:1pluMc:lC6MeyPp6GM8MwCVKPhKHVdZFSyECsx3OaPVaE-wZuo	2023-04-24 22:27:30.973464+06
me70uo3foxfsh31utn0ozbih9nfrjamz	.eJwNzEsOAiEMANC7dG0MBVro7DwJ4VMii5kxghuNd9d3gPeB22vdz-d45zXOAzYQydp6INeIYw3aipCErN5jtYQiEbsvtqNBzOxjYMm2BEMGu9Ma4QJp6pz_LY1jrLTGrnPl_ZFgQ47GMnnDV0K04uz3Bx1VJoQ:1piDmw:0-hxfQ5vxqCKVMT_x3IxbV2DqX7y4azRiUFIZVM7IZ4	2023-04-14 18:23:26.677046+06
cech1itjbblo2om02yqlfsi2j19b47h6	eyJBdXRob3JpemF0aW9uIjoiMzZkMDVlNjlmNmIxMDA5ZWM0ZjhiYmFjOWQzMjFjZjkwYjQ1N2Y2MWUyZTEwODcwMmIyYWY2MDUxMTc2MGNiZCJ9:1piEVY:tXnemyPBzk9AoE5LdBk-fqY_Ax_SXFOgs1vDAXpIqFY	2023-04-14 19:09:32.691936+06
1hk5az46lno120iyesvta7icqc8p5cxo	.eJwNjEEOwiAUBe_y18bAAz7f7jwJgQIpi7ZGcKPx7mU3mWTmR8_P2M53-8bRzoMWEsvIDNbizFqNVNY2RU46JxgAKVdlkofkMi2LssVPVLLOUgF0o9BL7_MW2tFGGG0vfcT9FWjRLBpgONzdw0N5978AC18mmA:1pmFkS:uJfsEsQ8rVbtivgdfC178a1kMGkQSe_R5zPjCJzt1cI	2023-04-25 21:17:32.644118+06
zfzqrabyfp6tgrz9ht1k6u9gu6slvbxd	eyJBdXRob3JpemF0aW9uIjoiMTdkODFhMzJlMTkzMDUyNGRlY2FlY2M3NTE0MGJmOWU2YzQwMGZiZWRjMzc5MGEzOGE2NDg1NDZhM2ViNGNlMyJ9:1piFDw:X0SyM4AqanX2tFRbb0nuM-wT9HilQpR49KM4FlAzfec	2023-04-14 19:55:24.922709+06
w2xrd9vaednc81t4xz5qxct5y90157ng	eyJfc2Vzc2lvbl9pbml0X3RpbWVzdGFtcF8iOjE2ODEyMjcyODIuODQ2ODA0fQ:1pmG18:Klnm4izFWiNJJz7omdWfXB6XhJA6-R6gHXS7lyGUeoY	2023-04-25 21:34:46.71668+06
kmnyn2ksvmoyzgk5p65pahfyp5cdj59c	.eJwNzDsOwyAMANC7eK4qzMfgbD0JMj-VIUlVyNKqdy_70_vC45rP890_Mvt5wAbZ6mxUc1hQJBQrFqs3yVtDREVhzYqZhUJbhrhSdsmQYeU9plIb3CCOOsbaYj_6jLPvdUzZXxE2pIBah6Dpjoxupb8_Jekm4Q:1pmGPy:7eCIGDxS9xpPnY6RRUJ2T1kS0Jvn9oUOmCtexDpFXXs	2023-04-25 22:00:26.24246+06
y4ch4hrac87p0wjo4y3zbz5nuheyqs4z	.eJwNzMEOwiAMANB_4WwMdW0pu_klpECJHLYZwYvGf3fnl7yvu7_n43j1j85-7G51iykzRmRsN2sqpWYsAVsBjLpI8SaB7GQJDbhhtpIrQSUkiKTeXVwaNsa5pb73mWbfbEzdnsmtwOJxoUhwJQ4Y5fcHKjwnJA:1piwMk:CjdX0cmLjOQXehZ0jtgdezUquijbM8L9s1XRtkxUKlE	2023-04-16 17:59:22.046375+06
v464xgud0wrbtkx6nan55k1yv0zozxd7	.eJwNzEEOAiEMAMC_9GxMWVpo9-ZLSGEhcthdI3jR-HedB8wHbq95P5_9bbOfB6yQ0ZlQacJbibkhs1ZPi6gaUa4qWp21xhZpoShbUWQUjsXIWvQEF0ijjvHfUj_6TLPvdUzbHwlWFwSZMPhwXdAj6_cHD1Amtg:1pjNO8:2gZ1u1LzbpUckj0ssH7SNrInEUV69qdr2m5KxvUXVQQ	2023-04-17 22:50:36.244744+06
j85jkwwhfcp1iguochrqen8shcx1004c	.eJwNzDsOwjAMANC7eEaodhPb6cZJonwckaEtImEBcXd4B3gfuL3m_Xz2d5r9PGCDVRuLOta6hmDKYlnNl-odNgy-tByqw2JK5CkTLbaiJOHSRBYpHi4Qh43x32I_-oyz7zZm2h8RNmRFIlWnV2Uiwe8P7cYmcg:1pmGQK:Nbb1fc7XmwhcCAZ4CVHLfeLlllV30io9BQddcBrFLAo	2023-04-25 22:00:48.916138+06
bu705yhnv6coszl0io78fmfy22hj92te	.eJwNzDEOwjAMQNG7eEYIO3Fid-MkUZq4IkNbRMIC4u5k-tIb_hfu7_E4X-2TRzsPWECohrw5y6ZkslHlFblIyRxNdTbS6o3zBK2-3krBqqjsuLJg8HCB1K33eUvtaCONtlsfeX8mWDAIEolEd3VegyP-_QF9Diex:1pmGQj:dPaV-R6eimNsOLl1B2UbL3fMd7mOg7oKfcyFuqUJky8	2023-04-25 22:01:13.402797+06
kn6c554ouu7eeispt933e8mjum3l17mk	.eJwNzMENwyAMAMBd_K4qYxsH8uskiICj8khSFfJp1d2bG-C-8DjH83i3Tx7t2GEGdMSVXFgre2JVMSOPsahpEVfRshUfqDBq8VpRlBfSzLLwxDF7uEHq1vu1pba3kUbbrI-8vRLMToMjiojxzlMUCfL7A-2YJjc:1pmGSv:bSVvEqvanKGmq32PUbxnYsG1_AVQ2ByxP4fon5J6G80	2023-04-25 22:03:29.430017+06
djcgoowg21ruagb5omjgae0ojza48ndw	.eJwNzEsOwiAQANC7zNoYhjIfuvMkpAwQWbQ1ghuNd9d3gPeB22vez2d_b7OfB6xAVpqhLIiS2XJTtFID-RxZmAS9IlqoSgF5wcXYNbbiY1EhJzHDBdKoY_y31I8-0-x7HXPbHwlWZEXvo_N6jRSCIn9_C50mVw:1pmGTE:cwNXtnZ879xWmbHGJCE0JosmfiuYYbGKTb7Gz1z_Jmw	2023-04-25 22:03:48.995265+06
cjssvrdkwr5c86i18svqzre9lwi7z0gn	.eJwNzDEOwyAMQNG7eK4qbMCYbD0JguCoDEmqQpZWvXsZv_T0v_C4xvN8t08e7TxgAYOyyaoxBikUrChXY0NZTbbF4KZahFlEZ6gJKJWJc1VBcrWSZ7hB6tr7vKV2tJFG27WPvL8SLMjTUUSyd8foPPnfHyjYJtg:1pmGUl:DuHw_rM3A84axZgOiFeu_UPFCrVlkNa6vE2RVtxjvpw	2023-04-25 22:05:23.618741+06
nisc6fzdgu94mvbhbkkeas5vex0gypdn	.eJwNzMENwjAMAMBd_EYoTp3U7o9JIjc2Io-2iIQPiN3pAHdfuL3H43i1j4527LCAeMYaTUgt3Und12qs7BZDVnXOmiLrXCfFFYkkShVFFKvTmgIbXKB07_3cStvbKKNt3oduzwILZkaaMQW8npIC4u8PjzAn4Q:1pnHY5:xLsEHG3gKqFir7ilUr-WGPL4HvpwKgXroxSZxWUewSg	2023-04-28 17:25:01.558375+06
\.


--
-- Data for Name: favourite; Type: TABLE DATA; Schema: public; Owner: postgres
--

COPY public.favourite (id, date, car_id, user_id) FROM stdin;
\.


--
-- Data for Name: session; Type: TABLE DATA; Schema: public; Owner: postgres
--

COPY public.session (id, key, date, user_id) FROM stdin;
28	b01a84cf85dc7bf0559e342899a44be989e1aff5a742478dc9050857ca4af734	1680540329	9
29	955a70a0cafd0d3dd24ef7122d65f4528a295bb24d03d9b538908eab83c1d10e	1681021410	9
30	60255d0177970698eb054401568bb57f3f5d7efcd0884e4c412bd721cb000736	1681022980	9
31	6164a842fe034df245b09fd8c4a452a01e3b46c7babcc20de3d4e703d41ae3bc	1681023471	9
32	b77a3334ea31e52992aff8cc803d1693d5e568f7e734acb7a7561b6bc9f69d3e	1681023471	9
33	c5970c044476925b324ea1894dc86f10fbce23cd351bc883436d8dd9bbbf3f49	1681023471	9
34	ef0bf7bbbc9e96a549d3c0fe28521a7a210e7ad63a9e96624511205e04635969	1681023471	9
35	07464ad3c5f492dbaed5f9f9c5b74a92cf4d676ed12c5cb3c112aa9969ff16bf	1681023471	9
36	25ba69321e5d4425aba5e26e28ba49049e0893cd1456e092c81bdd21e4ef201e	1681023471	9
37	90f05939eccf3c61038bcd8289267512d12576fe7aafb9f048b468f4455cc3d5	1681023471	9
38	9adfa6078c2bd87e89514773b814bfabc8643d729c60940e5e5b01098b4fc77e	1681023471	9
39	b2ca713606dd4b5d57428be71e5361722482b656b3cfdfdb5fcc57c5a2fa7089	1681023471	9
40	7f11bc05820ca88a89da6663f5e52c57012331e5a95d058a4fafebfa7345ec73	1681023471	9
41	bca59519379d73eaac2f0dcf70504f4b0c1c31d420ac17fb9325ac7e25f0a1a0	1681023471	9
42	b108f59c305b7cfacf777b91b787280785b2a6fe6f3bca7a7ae313a1311f32e8	1681023471	9
43	360c94d66f968d3fba6151d289c88850fad82f272a8f0d55fe15b1b9059c83bd	1681134592	9
44	03b68093b125b3fc0633d0bb7adc4ff53e94a3471530313ec5e2219d3cc6ae30	1681134592	9
45	3d7e07bc69cc551f6ca3ad68ef5f034f19ba2488997ffe3352182d9b747c5d6d	1681134592	9
46	1df611837b1292836a3f5e6a5168e6817d8ecf2208000b0ea17aa3b78e2800b8	1681135401	9
47	c871830930eebdfb2a2a07187cc53275e7c140d7d338f20155a58cc15bcc26fd	1681138165	9
48	06c927cec7c7d61808cfe82b5989cd520cf57ba95674a5b401ddbf01f83a0e00	1681140134	9
49	39e4b26f2cbd0800589d87290a37b1cb549eb44bf8cdf7ad788af09937b7ef2a	1681142039	9
50	1e03d890fb568882312715ac8e6e43105689c56e7e147b569da68ceaf7e8470c	1681143025	9
51	a5afeea5a08672ffdad183f5c4645d9b64a681203e26f7d4ccadee806a512837	1681143025	9
52	34fd4647d8c28b7537734ba7b358c24038e0df1d8a686ce6fb8c5e0cc1596752	1681218832	9
53	03f2bc3eb13152f2b4b319becea268e78db891f6c1706ae41aa3e059c7f9d332	1681220512	9
54	3470cddd896a4b19b3a7270439b4b3cc51d7654ce5a777ba7cf30ef6b8d12b76	1681221527	9
55	f494fc8013b6da13a74724ae30fe681ba4c065332c49a03a82331db004c8e3a7	1681221527	9
56	8462d6261853cf38f614ba6b1db23222bdf03b728dea6b6804e7dea08c846022	1681221527	9
57	475c13000d762f3e16651884796412548f9709609956065976f26e1423909cae	1681227272	9
58	c42c30f51d1aa8d4a41e73b743666d01ec0999a68ff5169e6c5b36390771bdef	1681228818	9
59	38f678468d399e867eb8e5cd541f195cfb9d41ce82252b220e317a76cf7707c5	1681228839	9
60	82d6af3eae92e8f2d5b15c8ca57e998ca72b4e5aca59d4d0cc1d919535d58164	1681228839	9
61	0123d218fd3523664ee2509c6e6c41d0eaec582c306c56d0463b26a34b3739a5	1681228839	9
62	5cdfc173117b6cbf81cde452b96765712811c4e85416313c60f6cd29d875079b	1681228839	9
63	018f8ce9978b2738e6d037bc0a3b01feeb86688eb01e0718d626ade8124dd256	1681228839	9
64	9e61c2d94ad5f4aeebcd8a8ed206aae86a528a7c3a1b144929c9a119dc3b508d	1681471381	9
\.


--
-- Data for Name: user; Type: TABLE DATA; Schema: public; Owner: postgres
--

COPY public."user" (id, login, password, name, email, registration_date, last_signin_date) FROM stdin;
8	Carl	68e44633100f51328613e95607aa0147f5e4af715f58cfc2aa0e1c89e4afd83a	Carl	Carl@mail.ru	1680087833	\N
9	mike	0fa539acd186da4dabc3b0d2fcf83ff1fb809f9032f017e8fca8ebce13e33968	mike	mike@mail.ru	1680088087	1681471501
18	John	7ce6fad929dc25558a80b74f8b4bae54d556cf367eaee3ccd62e54138a7ab8fd	John	John@mail.ru	1680089387	\N
28	Frank	08a04d967dc80db6ee5066760bcb93b0ae6bf80d06093302dccd1bf2273bf8a1	Frank	frank@mail.ru	1680180634	\N
29	Andre	0a0dcbce9a57c104c83ce4f6dac27a05b3588960429550cfdb423f37ad5db119	Andre	andre@mail.ru	1680198167	\N
\.


--
-- Name: auth_group_id_seq; Type: SEQUENCE SET; Schema: public; Owner: postgres
--

SELECT pg_catalog.setval('public.auth_group_id_seq', 1, false);


--
-- Name: auth_group_permissions_id_seq; Type: SEQUENCE SET; Schema: public; Owner: postgres
--

SELECT pg_catalog.setval('public.auth_group_permissions_id_seq', 1, false);


--
-- Name: auth_permission_id_seq; Type: SEQUENCE SET; Schema: public; Owner: postgres
--

SELECT pg_catalog.setval('public.auth_permission_id_seq', 52, true);


--
-- Name: auth_user_groups_id_seq; Type: SEQUENCE SET; Schema: public; Owner: postgres
--

SELECT pg_catalog.setval('public.auth_user_groups_id_seq', 1, false);


--
-- Name: auth_user_id_seq; Type: SEQUENCE SET; Schema: public; Owner: postgres
--

SELECT pg_catalog.setval('public.auth_user_id_seq', 1, true);


--
-- Name: auth_user_user_permissions_id_seq; Type: SEQUENCE SET; Schema: public; Owner: postgres
--

SELECT pg_catalog.setval('public.auth_user_user_permissions_id_seq', 1, false);


--
-- Name: brand_id_seq; Type: SEQUENCE SET; Schema: public; Owner: postgres
--

SELECT pg_catalog.setval('public.brand_id_seq', 31, true);


--
-- Name: car_id_seq; Type: SEQUENCE SET; Schema: public; Owner: postgres
--

SELECT pg_catalog.setval('public.car_id_seq', 81, true);


--
-- Name: color_id_seq; Type: SEQUENCE SET; Schema: public; Owner: postgres
--

SELECT pg_catalog.setval('public.color_id_seq', 82, true);


--
-- Name: country_id_seq; Type: SEQUENCE SET; Schema: public; Owner: postgres
--

SELECT pg_catalog.setval('public.country_id_seq', 10, true);


--
-- Name: django_admin_log_id_seq; Type: SEQUENCE SET; Schema: public; Owner: postgres
--

SELECT pg_catalog.setval('public.django_admin_log_id_seq', 1, false);


--
-- Name: django_content_type_id_seq; Type: SEQUENCE SET; Schema: public; Owner: postgres
--

SELECT pg_catalog.setval('public.django_content_type_id_seq', 13, true);


--
-- Name: django_migrations_id_seq; Type: SEQUENCE SET; Schema: public; Owner: postgres
--

SELECT pg_catalog.setval('public.django_migrations_id_seq', 21, true);


--
-- Name: favourite_id_seq; Type: SEQUENCE SET; Schema: public; Owner: postgres
--

SELECT pg_catalog.setval('public.favourite_id_seq', 108, true);


--
-- Name: session_id_seq; Type: SEQUENCE SET; Schema: public; Owner: postgres
--

SELECT pg_catalog.setval('public.session_id_seq', 64, true);


--
-- Name: user_id_seq; Type: SEQUENCE SET; Schema: public; Owner: postgres
--

SELECT pg_catalog.setval('public.user_id_seq', 29, true);


--
-- Name: auth_group auth_group_name_key; Type: CONSTRAINT; Schema: public; Owner: postgres
--

ALTER TABLE ONLY public.auth_group
    ADD CONSTRAINT auth_group_name_key UNIQUE (name);


--
-- Name: auth_group_permissions auth_group_permissions_group_id_permission_id_0cd325b0_uniq; Type: CONSTRAINT; Schema: public; Owner: postgres
--

ALTER TABLE ONLY public.auth_group_permissions
    ADD CONSTRAINT auth_group_permissions_group_id_permission_id_0cd325b0_uniq UNIQUE (group_id, permission_id);


--
-- Name: auth_group_permissions auth_group_permissions_pkey; Type: CONSTRAINT; Schema: public; Owner: postgres
--

ALTER TABLE ONLY public.auth_group_permissions
    ADD CONSTRAINT auth_group_permissions_pkey PRIMARY KEY (id);


--
-- Name: auth_group auth_group_pkey; Type: CONSTRAINT; Schema: public; Owner: postgres
--

ALTER TABLE ONLY public.auth_group
    ADD CONSTRAINT auth_group_pkey PRIMARY KEY (id);


--
-- Name: auth_permission auth_permission_content_type_id_codename_01ab375a_uniq; Type: CONSTRAINT; Schema: public; Owner: postgres
--

ALTER TABLE ONLY public.auth_permission
    ADD CONSTRAINT auth_permission_content_type_id_codename_01ab375a_uniq UNIQUE (content_type_id, codename);


--
-- Name: auth_permission auth_permission_pkey; Type: CONSTRAINT; Schema: public; Owner: postgres
--

ALTER TABLE ONLY public.auth_permission
    ADD CONSTRAINT auth_permission_pkey PRIMARY KEY (id);


--
-- Name: auth_user_groups auth_user_groups_pkey; Type: CONSTRAINT; Schema: public; Owner: postgres
--

ALTER TABLE ONLY public.auth_user_groups
    ADD CONSTRAINT auth_user_groups_pkey PRIMARY KEY (id);


--
-- Name: auth_user_groups auth_user_groups_user_id_group_id_94350c0c_uniq; Type: CONSTRAINT; Schema: public; Owner: postgres
--

ALTER TABLE ONLY public.auth_user_groups
    ADD CONSTRAINT auth_user_groups_user_id_group_id_94350c0c_uniq UNIQUE (user_id, group_id);


--
-- Name: auth_user auth_user_pkey; Type: CONSTRAINT; Schema: public; Owner: postgres
--

ALTER TABLE ONLY public.auth_user
    ADD CONSTRAINT auth_user_pkey PRIMARY KEY (id);


--
-- Name: auth_user_user_permissions auth_user_user_permissions_pkey; Type: CONSTRAINT; Schema: public; Owner: postgres
--

ALTER TABLE ONLY public.auth_user_user_permissions
    ADD CONSTRAINT auth_user_user_permissions_pkey PRIMARY KEY (id);


--
-- Name: auth_user_user_permissions auth_user_user_permissions_user_id_permission_id_14a6b632_uniq; Type: CONSTRAINT; Schema: public; Owner: postgres
--

ALTER TABLE ONLY public.auth_user_user_permissions
    ADD CONSTRAINT auth_user_user_permissions_user_id_permission_id_14a6b632_uniq UNIQUE (user_id, permission_id);


--
-- Name: auth_user auth_user_username_key; Type: CONSTRAINT; Schema: public; Owner: postgres
--

ALTER TABLE ONLY public.auth_user
    ADD CONSTRAINT auth_user_username_key UNIQUE (username);


--
-- Name: brand brand_pkey; Type: CONSTRAINT; Schema: public; Owner: postgres
--

ALTER TABLE ONLY public.brand
    ADD CONSTRAINT brand_pkey PRIMARY KEY (id);


--
-- Name: car car_pkey; Type: CONSTRAINT; Schema: public; Owner: postgres
--

ALTER TABLE ONLY public.car
    ADD CONSTRAINT car_pkey PRIMARY KEY (id);


--
-- Name: color color_color_name_key; Type: CONSTRAINT; Schema: public; Owner: postgres
--

ALTER TABLE ONLY public.color
    ADD CONSTRAINT color_color_name_key UNIQUE (color_name);


--
-- Name: color color_pkey; Type: CONSTRAINT; Schema: public; Owner: postgres
--

ALTER TABLE ONLY public.color
    ADD CONSTRAINT color_pkey PRIMARY KEY (id);


--
-- Name: country country_name_key; Type: CONSTRAINT; Schema: public; Owner: postgres
--

ALTER TABLE ONLY public.country
    ADD CONSTRAINT country_name_key UNIQUE (name);


--
-- Name: country country_pkey; Type: CONSTRAINT; Schema: public; Owner: postgres
--

ALTER TABLE ONLY public.country
    ADD CONSTRAINT country_pkey PRIMARY KEY (id);


--
-- Name: django_admin_log django_admin_log_pkey; Type: CONSTRAINT; Schema: public; Owner: postgres
--

ALTER TABLE ONLY public.django_admin_log
    ADD CONSTRAINT django_admin_log_pkey PRIMARY KEY (id);


--
-- Name: django_content_type django_content_type_app_label_model_76bd3d3b_uniq; Type: CONSTRAINT; Schema: public; Owner: postgres
--

ALTER TABLE ONLY public.django_content_type
    ADD CONSTRAINT django_content_type_app_label_model_76bd3d3b_uniq UNIQUE (app_label, model);


--
-- Name: django_content_type django_content_type_pkey; Type: CONSTRAINT; Schema: public; Owner: postgres
--

ALTER TABLE ONLY public.django_content_type
    ADD CONSTRAINT django_content_type_pkey PRIMARY KEY (id);


--
-- Name: django_migrations django_migrations_pkey; Type: CONSTRAINT; Schema: public; Owner: postgres
--

ALTER TABLE ONLY public.django_migrations
    ADD CONSTRAINT django_migrations_pkey PRIMARY KEY (id);


--
-- Name: django_session django_session_pkey; Type: CONSTRAINT; Schema: public; Owner: postgres
--

ALTER TABLE ONLY public.django_session
    ADD CONSTRAINT django_session_pkey PRIMARY KEY (session_key);


--
-- Name: favourite favourite_pkey; Type: CONSTRAINT; Schema: public; Owner: postgres
--

ALTER TABLE ONLY public.favourite
    ADD CONSTRAINT favourite_pkey PRIMARY KEY (id);


--
-- Name: session session_pkey; Type: CONSTRAINT; Schema: public; Owner: postgres
--

ALTER TABLE ONLY public.session
    ADD CONSTRAINT session_pkey PRIMARY KEY (id);


--
-- Name: user user_email_key; Type: CONSTRAINT; Schema: public; Owner: postgres
--

ALTER TABLE ONLY public."user"
    ADD CONSTRAINT user_email_key UNIQUE (email);


--
-- Name: user user_login_key; Type: CONSTRAINT; Schema: public; Owner: postgres
--

ALTER TABLE ONLY public."user"
    ADD CONSTRAINT user_login_key UNIQUE (login);


--
-- Name: user user_pkey; Type: CONSTRAINT; Schema: public; Owner: postgres
--

ALTER TABLE ONLY public."user"
    ADD CONSTRAINT user_pkey PRIMARY KEY (id);


--
-- Name: auth_group_name_a6ea08ec_like; Type: INDEX; Schema: public; Owner: postgres
--

CREATE INDEX auth_group_name_a6ea08ec_like ON public.auth_group USING btree (name varchar_pattern_ops);


--
-- Name: auth_group_permissions_group_id_b120cbf9; Type: INDEX; Schema: public; Owner: postgres
--

CREATE INDEX auth_group_permissions_group_id_b120cbf9 ON public.auth_group_permissions USING btree (group_id);


--
-- Name: auth_group_permissions_permission_id_84c5c92e; Type: INDEX; Schema: public; Owner: postgres
--

CREATE INDEX auth_group_permissions_permission_id_84c5c92e ON public.auth_group_permissions USING btree (permission_id);


--
-- Name: auth_permission_content_type_id_2f476e4b; Type: INDEX; Schema: public; Owner: postgres
--

CREATE INDEX auth_permission_content_type_id_2f476e4b ON public.auth_permission USING btree (content_type_id);


--
-- Name: auth_user_groups_group_id_97559544; Type: INDEX; Schema: public; Owner: postgres
--

CREATE INDEX auth_user_groups_group_id_97559544 ON public.auth_user_groups USING btree (group_id);


--
-- Name: auth_user_groups_user_id_6a12ed8b; Type: INDEX; Schema: public; Owner: postgres
--

CREATE INDEX auth_user_groups_user_id_6a12ed8b ON public.auth_user_groups USING btree (user_id);


--
-- Name: auth_user_user_permissions_permission_id_1fbb5f2c; Type: INDEX; Schema: public; Owner: postgres
--

CREATE INDEX auth_user_user_permissions_permission_id_1fbb5f2c ON public.auth_user_user_permissions USING btree (permission_id);


--
-- Name: auth_user_user_permissions_user_id_a95ead1b; Type: INDEX; Schema: public; Owner: postgres
--

CREATE INDEX auth_user_user_permissions_user_id_a95ead1b ON public.auth_user_user_permissions USING btree (user_id);


--
-- Name: auth_user_username_6821ab7c_like; Type: INDEX; Schema: public; Owner: postgres
--

CREATE INDEX auth_user_username_6821ab7c_like ON public.auth_user USING btree (username varchar_pattern_ops);


--
-- Name: brand_country_id_ccf59332; Type: INDEX; Schema: public; Owner: postgres
--

CREATE INDEX brand_country_id_ccf59332 ON public.brand USING btree (country_id);


--
-- Name: car_brand_id_f20ed686; Type: INDEX; Schema: public; Owner: postgres
--

CREATE INDEX car_brand_id_f20ed686 ON public.car USING btree (brand_id);


--
-- Name: car_color_id_86a228af; Type: INDEX; Schema: public; Owner: postgres
--

CREATE INDEX car_color_id_86a228af ON public.car USING btree (color_id);


--
-- Name: color_color_name_48c28539_like; Type: INDEX; Schema: public; Owner: postgres
--

CREATE INDEX color_color_name_48c28539_like ON public.color USING btree (color_name varchar_pattern_ops);


--
-- Name: country_name_0a984f2a_like; Type: INDEX; Schema: public; Owner: postgres
--

CREATE INDEX country_name_0a984f2a_like ON public.country USING btree (name varchar_pattern_ops);


--
-- Name: django_admin_log_content_type_id_c4bce8eb; Type: INDEX; Schema: public; Owner: postgres
--

CREATE INDEX django_admin_log_content_type_id_c4bce8eb ON public.django_admin_log USING btree (content_type_id);


--
-- Name: django_admin_log_user_id_c564eba6; Type: INDEX; Schema: public; Owner: postgres
--

CREATE INDEX django_admin_log_user_id_c564eba6 ON public.django_admin_log USING btree (user_id);


--
-- Name: django_session_expire_date_a5c62663; Type: INDEX; Schema: public; Owner: postgres
--

CREATE INDEX django_session_expire_date_a5c62663 ON public.django_session USING btree (expire_date);


--
-- Name: django_session_session_key_c0390e0f_like; Type: INDEX; Schema: public; Owner: postgres
--

CREATE INDEX django_session_session_key_c0390e0f_like ON public.django_session USING btree (session_key varchar_pattern_ops);


--
-- Name: favourite_car_id_a47b8f91; Type: INDEX; Schema: public; Owner: postgres
--

CREATE INDEX favourite_car_id_a47b8f91 ON public.favourite USING btree (car_id);


--
-- Name: favourite_user_id_b8bf9aff; Type: INDEX; Schema: public; Owner: postgres
--

CREATE INDEX favourite_user_id_b8bf9aff ON public.favourite USING btree (user_id);


--
-- Name: session_user_id_65cb3187; Type: INDEX; Schema: public; Owner: postgres
--

CREATE INDEX session_user_id_65cb3187 ON public.session USING btree (user_id);


--
-- Name: user_email_54dc62b2_like; Type: INDEX; Schema: public; Owner: postgres
--

CREATE INDEX user_email_54dc62b2_like ON public."user" USING btree (email varchar_pattern_ops);


--
-- Name: user_login_7eec5484_like; Type: INDEX; Schema: public; Owner: postgres
--

CREATE INDEX user_login_7eec5484_like ON public."user" USING btree (login varchar_pattern_ops);


--
-- Name: auth_group_permissions auth_group_permissio_permission_id_84c5c92e_fk_auth_perm; Type: FK CONSTRAINT; Schema: public; Owner: postgres
--

ALTER TABLE ONLY public.auth_group_permissions
    ADD CONSTRAINT auth_group_permissio_permission_id_84c5c92e_fk_auth_perm FOREIGN KEY (permission_id) REFERENCES public.auth_permission(id) DEFERRABLE INITIALLY DEFERRED;


--
-- Name: auth_group_permissions auth_group_permissions_group_id_b120cbf9_fk_auth_group_id; Type: FK CONSTRAINT; Schema: public; Owner: postgres
--

ALTER TABLE ONLY public.auth_group_permissions
    ADD CONSTRAINT auth_group_permissions_group_id_b120cbf9_fk_auth_group_id FOREIGN KEY (group_id) REFERENCES public.auth_group(id) DEFERRABLE INITIALLY DEFERRED;


--
-- Name: auth_permission auth_permission_content_type_id_2f476e4b_fk_django_co; Type: FK CONSTRAINT; Schema: public; Owner: postgres
--

ALTER TABLE ONLY public.auth_permission
    ADD CONSTRAINT auth_permission_content_type_id_2f476e4b_fk_django_co FOREIGN KEY (content_type_id) REFERENCES public.django_content_type(id) DEFERRABLE INITIALLY DEFERRED;


--
-- Name: auth_user_groups auth_user_groups_group_id_97559544_fk_auth_group_id; Type: FK CONSTRAINT; Schema: public; Owner: postgres
--

ALTER TABLE ONLY public.auth_user_groups
    ADD CONSTRAINT auth_user_groups_group_id_97559544_fk_auth_group_id FOREIGN KEY (group_id) REFERENCES public.auth_group(id) DEFERRABLE INITIALLY DEFERRED;


--
-- Name: auth_user_groups auth_user_groups_user_id_6a12ed8b_fk_auth_user_id; Type: FK CONSTRAINT; Schema: public; Owner: postgres
--

ALTER TABLE ONLY public.auth_user_groups
    ADD CONSTRAINT auth_user_groups_user_id_6a12ed8b_fk_auth_user_id FOREIGN KEY (user_id) REFERENCES public.auth_user(id) DEFERRABLE INITIALLY DEFERRED;


--
-- Name: auth_user_user_permissions auth_user_user_permi_permission_id_1fbb5f2c_fk_auth_perm; Type: FK CONSTRAINT; Schema: public; Owner: postgres
--

ALTER TABLE ONLY public.auth_user_user_permissions
    ADD CONSTRAINT auth_user_user_permi_permission_id_1fbb5f2c_fk_auth_perm FOREIGN KEY (permission_id) REFERENCES public.auth_permission(id) DEFERRABLE INITIALLY DEFERRED;


--
-- Name: auth_user_user_permissions auth_user_user_permissions_user_id_a95ead1b_fk_auth_user_id; Type: FK CONSTRAINT; Schema: public; Owner: postgres
--

ALTER TABLE ONLY public.auth_user_user_permissions
    ADD CONSTRAINT auth_user_user_permissions_user_id_a95ead1b_fk_auth_user_id FOREIGN KEY (user_id) REFERENCES public.auth_user(id) DEFERRABLE INITIALLY DEFERRED;


--
-- Name: brand brand_country_id_ccf59332_fk_country_id; Type: FK CONSTRAINT; Schema: public; Owner: postgres
--

ALTER TABLE ONLY public.brand
    ADD CONSTRAINT brand_country_id_ccf59332_fk_country_id FOREIGN KEY (country_id) REFERENCES public.country(id) DEFERRABLE INITIALLY DEFERRED;


--
-- Name: car car_brand_id_f20ed686_fk_brand_id; Type: FK CONSTRAINT; Schema: public; Owner: postgres
--

ALTER TABLE ONLY public.car
    ADD CONSTRAINT car_brand_id_f20ed686_fk_brand_id FOREIGN KEY (brand_id) REFERENCES public.brand(id) DEFERRABLE INITIALLY DEFERRED;


--
-- Name: car car_color_id_86a228af_fk_color_id; Type: FK CONSTRAINT; Schema: public; Owner: postgres
--

ALTER TABLE ONLY public.car
    ADD CONSTRAINT car_color_id_86a228af_fk_color_id FOREIGN KEY (color_id) REFERENCES public.color(id) DEFERRABLE INITIALLY DEFERRED;


--
-- Name: django_admin_log django_admin_log_content_type_id_c4bce8eb_fk_django_co; Type: FK CONSTRAINT; Schema: public; Owner: postgres
--

ALTER TABLE ONLY public.django_admin_log
    ADD CONSTRAINT django_admin_log_content_type_id_c4bce8eb_fk_django_co FOREIGN KEY (content_type_id) REFERENCES public.django_content_type(id) DEFERRABLE INITIALLY DEFERRED;


--
-- Name: django_admin_log django_admin_log_user_id_c564eba6_fk_auth_user_id; Type: FK CONSTRAINT; Schema: public; Owner: postgres
--

ALTER TABLE ONLY public.django_admin_log
    ADD CONSTRAINT django_admin_log_user_id_c564eba6_fk_auth_user_id FOREIGN KEY (user_id) REFERENCES public.auth_user(id) DEFERRABLE INITIALLY DEFERRED;


--
-- Name: favourite favourite_car_id_a47b8f91_fk_car_id; Type: FK CONSTRAINT; Schema: public; Owner: postgres
--

ALTER TABLE ONLY public.favourite
    ADD CONSTRAINT favourite_car_id_a47b8f91_fk_car_id FOREIGN KEY (car_id) REFERENCES public.car(id) DEFERRABLE INITIALLY DEFERRED;


--
-- Name: favourite favourite_user_id_b8bf9aff_fk_user_id; Type: FK CONSTRAINT; Schema: public; Owner: postgres
--

ALTER TABLE ONLY public.favourite
    ADD CONSTRAINT favourite_user_id_b8bf9aff_fk_user_id FOREIGN KEY (user_id) REFERENCES public."user"(id) DEFERRABLE INITIALLY DEFERRED;


--
-- Name: session session_user_id_65cb3187_fk_user_id; Type: FK CONSTRAINT; Schema: public; Owner: postgres
--

ALTER TABLE ONLY public.session
    ADD CONSTRAINT session_user_id_65cb3187_fk_user_id FOREIGN KEY (user_id) REFERENCES public."user"(id) DEFERRABLE INITIALLY DEFERRED;


--
-- PostgreSQL database dump complete
--

